{"cameraMode":{"drawMode":0,"name":"Shaded","section":"Shading Mode"},"sceneLighting":true,"audioPlay":false,"sceneViewState":{"showFog":false,"showMaterialUpdate":true,"showSkybox":true,"showFlares":true,"showImageEffects":true,"showParticleSystems":true},"in2DMode":false,"pivot":{"x":-15.02511215209961,"y":-18.137680053710939,"z":3.4453954696655275},"rotation":{"x":-0.11891632527112961,"y":0.8717108368873596,"z":-0.39747485518455508,"w":-0.2607922852039337},"size":15.363064765930176,"orthographic":false}