{"cameraMode":{"drawMode":0,"name":"Shaded","section":"Shading Mode"},"sceneLighting":false,"audioPlay":false,"sceneViewState":{"showFog":false,"showMaterialUpdate":true,"showSkybox":false,"showFlares":true,"showImageEffects":true,"showParticleSystems":true},"in2DMode":false,"pivot":{"x":7.450580596923828e-9,"y":0.9580545425415039,"z":-0.09488309174776077},"rotation":{"x":0.00028534437296912074,"y":0.9987117052078247,"z":0.05066903680562973,"w":-0.0056916954927146439},"size":0.10965096950531006,"orthographic":false}