{"cameraMode":{"drawMode":0,"name":"Shaded","section":"Shading Mode"},"sceneLighting":true,"audioPlay":false,"sceneViewState":{"showFog":false,"showMaterialUpdate":true,"showSkybox":true,"showFlares":true,"showImageEffects":true,"showParticleSystems":true},"in2DMode":false,"pivot":{"x":-10.730485916137696,"y":-3.184999942779541,"z":10.180000305175782},"rotation":{"x":-0.006089984439313412,"y":0.9939413070678711,"z":-0.07918350398540497,"w":-0.0762033462524414},"size":2.4568533897399904,"orthographic":false}