{"cameraMode":{"drawMode":0,"name":"Shaded","section":"Shading Mode"},"sceneLighting":false,"audioPlay":false,"sceneViewState":{"showFog":false,"showMaterialUpdate":true,"showSkybox":false,"showFlares":true,"showImageEffects":true,"showParticleSystems":true},"in2DMode":false,"pivot":{"x":-10.729999542236329,"y":-3.683364152908325,"z":10.079999923706055},"rotation":{"x":-0.0008767840336076915,"y":0.9936949014663696,"z":0.11195364594459534,"w":0.007751784287393093},"size":1.2438949346542359,"orthographic":false}