{"cameraMode":{"drawMode":0,"name":"Shaded","section":"Shading Mode"},"sceneLighting":false,"audioPlay":false,"sceneViewState":{"showFog":false,"showMaterialUpdate":true,"showSkybox":false,"showFlares":true,"showImageEffects":true,"showParticleSystems":true},"in2DMode":false,"pivot":{"x":0.0,"y":0.6842129230499268,"z":-0.17438636720180512},"rotation":{"x":0.00028534437296912074,"y":0.9987117052078247,"z":0.05066903680562973,"w":-0.0056916954927146439},"size":0.34453731775283816,"orthographic":false}