{"cameraMode":{"drawMode":0,"name":"Shaded","section":"Shading Mode"},"sceneLighting":false,"audioPlay":false,"sceneViewState":{"showFog":false,"showMaterialUpdate":true,"showSkybox":false,"showFlares":true,"showImageEffects":true,"showParticleSystems":true},"in2DMode":false,"pivot":{"x":-10.745137214660645,"y":-3.7468769550323488,"z":10.010154724121094},"rotation":{"x":-0.000026040555894724093,"y":0.9998164176940918,"z":-0.01980810984969139,"w":-0.0011982755968347192},"size":0.822673499584198,"orthographic":false}