{"cameraMode":{"drawMode":0,"name":"Shaded","section":"Shading Mode"},"sceneLighting":false,"audioPlay":false,"sceneViewState":{"showFog":false,"showMaterialUpdate":true,"showSkybox":false,"showFlares":true,"showImageEffects":true,"showParticleSystems":true},"in2DMode":false,"pivot":{"x":0.0007681474089622498,"y":0.956226646900177,"z":0.07449062168598175},"rotation":{"x":0.00028534437296912074,"y":0.9987117052078247,"z":0.05066903680562973,"w":-0.0056916954927146439},"size":0.1276823878288269,"orthographic":false}