{"cameraMode":{"drawMode":0,"name":"Shaded","section":"Shading Mode"},"sceneLighting":true,"audioPlay":false,"sceneViewState":{"showFog":false,"showMaterialUpdate":true,"showSkybox":true,"showFlares":true,"showImageEffects":true,"showParticleSystems":true},"in2DMode":false,"pivot":{"x":-6.265223503112793,"y":-3.9839258193969728,"z":12.016926765441895},"rotation":{"x":0.015599268488585949,"y":0.9585885405540466,"z":-0.27928251028060915,"w":0.053541284054517749},"size":5.333784580230713,"orthographic":false}