{"cameraMode":{"drawMode":0,"name":"Shaded","section":"Shading Mode"},"sceneLighting":true,"audioPlay":false,"sceneViewState":{"showFog":false,"showMaterialUpdate":true,"showSkybox":true,"showFlares":true,"showImageEffects":true,"showParticleSystems":true},"in2DMode":false,"pivot":{"x":8.075029373168946,"y":-8.851076126098633,"z":-20.692123413085939},"rotation":{"x":0.13754256069660188,"y":0.824688196182251,"z":-0.2272007018327713,"w":0.4993942379951477},"size":11.231961250305176,"orthographic":false}