{"cameraMode":{"drawMode":0,"name":"Shaded","section":"Shading Mode"},"sceneLighting":false,"audioPlay":false,"sceneViewState":{"showFog":false,"showMaterialUpdate":true,"showSkybox":false,"showFlares":true,"showImageEffects":true,"showParticleSystems":true},"in2DMode":false,"pivot":{"x":-2.2351741790771486e-8,"y":0.9516163468360901,"z":-0.060339365154504779},"rotation":{"x":0.00028534437296912074,"y":0.9987117052078247,"z":0.05066903680562973,"w":-0.0056916954927146439},"size":0.11010230332612992,"orthographic":false}