{"cameraMode":{"drawMode":0,"name":"Shaded","section":"Shading Mode"},"sceneLighting":false,"audioPlay":false,"sceneViewState":{"showFog":false,"showMaterialUpdate":true,"showSkybox":false,"showFlares":true,"showImageEffects":true,"showParticleSystems":true},"in2DMode":false,"pivot":{"x":-10.688096046447754,"y":-3.7377681732177736,"z":10.192608833312989},"rotation":{"x":0.001926504191942513,"y":0.9912465214729309,"z":0.014563714154064656,"w":-0.13130581378936768},"size":0.822673499584198,"orthographic":false}